srcNodeId	dstNodeId	wallTime	hasUserGesture	method	referrerPolicy
70EED381A45CE886467251C2D6F69192_4A0AB17FB99C78B780EC6FD043DECB56	8_70EED381A45CE886467251C2D6F69192_4A0AB17FB99C78B780EC6FD043DECB56				
70EED381A45CE886467251C2D6F69192_4A0AB17FB99C78B780EC6FD043DECB56	5_70EED381A45CE886467251C2D6F69192_4A0AB17FB99C78B780EC6FD043DECB56				
70EED381A45CE886467251C2D6F69192_4A0AB17FB99C78B780EC6FD043DECB56	6_70EED381A45CE886467251C2D6F69192_4A0AB17FB99C78B780EC6FD043DECB56				
70EED381A45CE886467251C2D6F69192_4A0AB17FB99C78B780EC6FD043DECB56	7_70EED381A45CE886467251C2D6F69192_4A0AB17FB99C78B780EC6FD043DECB56				
70EED381A45CE886467251C2D6F69192_4A0AB17FB99C78B780EC6FD043DECB56	9_70EED381A45CE886467251C2D6F69192_4A0AB17FB99C78B780EC6FD043DECB56				
70EED381A45CE886467251C2D6F69192_4A0AB17FB99C78B780EC6FD043DECB56	10_70EED381A45CE886467251C2D6F69192_4A0AB17FB99C78B780EC6FD043DECB56				
70EED381A45CE886467251C2D6F69192_4A0AB17FB99C78B780EC6FD043DECB56	11_70EED381A45CE886467251C2D6F69192_4A0AB17FB99C78B780EC6FD043DECB56				
70EED381A45CE886467251C2D6F69192_4A0AB17FB99C78B780EC6FD043DECB56	12_70EED381A45CE886467251C2D6F69192_4A0AB17FB99C78B780EC6FD043DECB56				
70EED381A45CE886467251C2D6F69192_4A0AB17FB99C78B780EC6FD043DECB56	13_70EED381A45CE886467251C2D6F69192_4A0AB17FB99C78B780EC6FD043DECB56				
70EED381A45CE886467251C2D6F69192_4A0AB17FB99C78B780EC6FD043DECB56	14_70EED381A45CE886467251C2D6F69192_4A0AB17FB99C78B780EC6FD043DECB56				
70EED381A45CE886467251C2D6F69192_4A0AB17FB99C78B780EC6FD043DECB56	15_70EED381A45CE886467251C2D6F69192_4A0AB17FB99C78B780EC6FD043DECB56				
70EED381A45CE886467251C2D6F69192_4A0AB17FB99C78B780EC6FD043DECB56	16_70EED381A45CE886467251C2D6F69192_4A0AB17FB99C78B780EC6FD043DECB56				
70EED381A45CE886467251C2D6F69192_4A0AB17FB99C78B780EC6FD043DECB56	17_70EED381A45CE886467251C2D6F69192_4A0AB17FB99C78B780EC6FD043DECB56				
70EED381A45CE886467251C2D6F69192_4A0AB17FB99C78B780EC6FD043DECB56	18_70EED381A45CE886467251C2D6F69192_4A0AB17FB99C78B780EC6FD043DECB56				
70EED381A45CE886467251C2D6F69192_4A0AB17FB99C78B780EC6FD043DECB56	19_70EED381A45CE886467251C2D6F69192_4A0AB17FB99C78B780EC6FD043DECB56				
70EED381A45CE886467251C2D6F69192_4A0AB17FB99C78B780EC6FD043DECB56	20_70EED381A45CE886467251C2D6F69192_4A0AB17FB99C78B780EC6FD043DECB56				
70EED381A45CE886467251C2D6F69192_4A0AB17FB99C78B780EC6FD043DECB56	21_70EED381A45CE886467251C2D6F69192_4A0AB17FB99C78B780EC6FD043DECB56				
70EED381A45CE886467251C2D6F69192_4A0AB17FB99C78B780EC6FD043DECB56	22_70EED381A45CE886467251C2D6F69192_4A0AB17FB99C78B780EC6FD043DECB56				
70EED381A45CE886467251C2D6F69192_4A0AB17FB99C78B780EC6FD043DECB56	23_70EED381A45CE886467251C2D6F69192_4A0AB17FB99C78B780EC6FD043DECB56				
70EED381A45CE886467251C2D6F69192_4A0AB17FB99C78B780EC6FD043DECB56	24_70EED381A45CE886467251C2D6F69192_4A0AB17FB99C78B780EC6FD043DECB56				
70EED381A45CE886467251C2D6F69192_4A0AB17FB99C78B780EC6FD043DECB56	25_70EED381A45CE886467251C2D6F69192_4A0AB17FB99C78B780EC6FD043DECB56				
70EED381A45CE886467251C2D6F69192_4A0AB17FB99C78B780EC6FD043DECB56	26_70EED381A45CE886467251C2D6F69192_4A0AB17FB99C78B780EC6FD043DECB56				
70EED381A45CE886467251C2D6F69192_4A0AB17FB99C78B780EC6FD043DECB56	27_70EED381A45CE886467251C2D6F69192_4A0AB17FB99C78B780EC6FD043DECB56				
70EED381A45CE886467251C2D6F69192_4A0AB17FB99C78B780EC6FD043DECB56	28_70EED381A45CE886467251C2D6F69192_4A0AB17FB99C78B780EC6FD043DECB56				
70EED381A45CE886467251C2D6F69192_4A0AB17FB99C78B780EC6FD043DECB56	29_70EED381A45CE886467251C2D6F69192_4A0AB17FB99C78B780EC6FD043DECB56				
70EED381A45CE886467251C2D6F69192_4A0AB17FB99C78B780EC6FD043DECB56	30_70EED381A45CE886467251C2D6F69192_4A0AB17FB99C78B780EC6FD043DECB56				
70EED381A45CE886467251C2D6F69192_4A0AB17FB99C78B780EC6FD043DECB56	31_70EED381A45CE886467251C2D6F69192_4A0AB17FB99C78B780EC6FD043DECB56				
70EED381A45CE886467251C2D6F69192_4A0AB17FB99C78B780EC6FD043DECB56	32_70EED381A45CE886467251C2D6F69192_4A0AB17FB99C78B780EC6FD043DECB56				
70EED381A45CE886467251C2D6F69192_4A0AB17FB99C78B780EC6FD043DECB56	33_70EED381A45CE886467251C2D6F69192_4A0AB17FB99C78B780EC6FD043DECB56				
70EED381A45CE886467251C2D6F69192_4A0AB17FB99C78B780EC6FD043DECB56	34_70EED381A45CE886467251C2D6F69192_4A0AB17FB99C78B780EC6FD043DECB56				
70EED381A45CE886467251C2D6F69192_4A0AB17FB99C78B780EC6FD043DECB56	35_70EED381A45CE886467251C2D6F69192_4A0AB17FB99C78B780EC6FD043DECB56				
70EED381A45CE886467251C2D6F69192_4A0AB17FB99C78B780EC6FD043DECB56	36_70EED381A45CE886467251C2D6F69192_4A0AB17FB99C78B780EC6FD043DECB56				
70EED381A45CE886467251C2D6F69192_4A0AB17FB99C78B780EC6FD043DECB56	37_70EED381A45CE886467251C2D6F69192_4A0AB17FB99C78B780EC6FD043DECB56				
70EED381A45CE886467251C2D6F69192_4A0AB17FB99C78B780EC6FD043DECB56	38_70EED381A45CE886467251C2D6F69192_4A0AB17FB99C78B780EC6FD043DECB56				
70EED381A45CE886467251C2D6F69192_4A0AB17FB99C78B780EC6FD043DECB56	39_70EED381A45CE886467251C2D6F69192_4A0AB17FB99C78B780EC6FD043DECB56				
70EED381A45CE886467251C2D6F69192_4A0AB17FB99C78B780EC6FD043DECB56	40_70EED381A45CE886467251C2D6F69192_4A0AB17FB99C78B780EC6FD043DECB56				
70EED381A45CE886467251C2D6F69192_4A0AB17FB99C78B780EC6FD043DECB56	41_70EED381A45CE886467251C2D6F69192_4A0AB17FB99C78B780EC6FD043DECB56				
70EED381A45CE886467251C2D6F69192_4A0AB17FB99C78B780EC6FD043DECB56	42_70EED381A45CE886467251C2D6F69192_4A0AB17FB99C78B780EC6FD043DECB56				
70EED381A45CE886467251C2D6F69192_4A0AB17FB99C78B780EC6FD043DECB56	43_70EED381A45CE886467251C2D6F69192_4A0AB17FB99C78B780EC6FD043DECB56				
70EED381A45CE886467251C2D6F69192_4A0AB17FB99C78B780EC6FD043DECB56	44_70EED381A45CE886467251C2D6F69192_4A0AB17FB99C78B780EC6FD043DECB56				
70EED381A45CE886467251C2D6F69192_4A0AB17FB99C78B780EC6FD043DECB56	45_70EED381A45CE886467251C2D6F69192_4A0AB17FB99C78B780EC6FD043DECB56				
70EED381A45CE886467251C2D6F69192_4A0AB17FB99C78B780EC6FD043DECB56	46_70EED381A45CE886467251C2D6F69192_4A0AB17FB99C78B780EC6FD043DECB56				
70EED381A45CE886467251C2D6F69192_4A0AB17FB99C78B780EC6FD043DECB56	47_70EED381A45CE886467251C2D6F69192_4A0AB17FB99C78B780EC6FD043DECB56				
70EED381A45CE886467251C2D6F69192_4A0AB17FB99C78B780EC6FD043DECB56	48_70EED381A45CE886467251C2D6F69192_4A0AB17FB99C78B780EC6FD043DECB56				
70EED381A45CE886467251C2D6F69192_4A0AB17FB99C78B780EC6FD043DECB56	49_70EED381A45CE886467251C2D6F69192_4A0AB17FB99C78B780EC6FD043DECB56				
70EED381A45CE886467251C2D6F69192_4A0AB17FB99C78B780EC6FD043DECB56	50_70EED381A45CE886467251C2D6F69192_4A0AB17FB99C78B780EC6FD043DECB56				
70EED381A45CE886467251C2D6F69192_4A0AB17FB99C78B780EC6FD043DECB56	51_70EED381A45CE886467251C2D6F69192_4A0AB17FB99C78B780EC6FD043DECB56				
70EED381A45CE886467251C2D6F69192_4A0AB17FB99C78B780EC6FD043DECB56	52_70EED381A45CE886467251C2D6F69192_4A0AB17FB99C78B780EC6FD043DECB56				
70EED381A45CE886467251C2D6F69192_4A0AB17FB99C78B780EC6FD043DECB56	53_70EED381A45CE886467251C2D6F69192_4A0AB17FB99C78B780EC6FD043DECB56				
70EED381A45CE886467251C2D6F69192_4A0AB17FB99C78B780EC6FD043DECB56	54_70EED381A45CE886467251C2D6F69192_4A0AB17FB99C78B780EC6FD043DECB56				
70EED381A45CE886467251C2D6F69192_4A0AB17FB99C78B780EC6FD043DECB56	55_70EED381A45CE886467251C2D6F69192_4A0AB17FB99C78B780EC6FD043DECB56				
70EED381A45CE886467251C2D6F69192_4A0AB17FB99C78B780EC6FD043DECB56	56_70EED381A45CE886467251C2D6F69192_4A0AB17FB99C78B780EC6FD043DECB56				
70EED381A45CE886467251C2D6F69192_4A0AB17FB99C78B780EC6FD043DECB56	57_70EED381A45CE886467251C2D6F69192_4A0AB17FB99C78B780EC6FD043DECB56				
70EED381A45CE886467251C2D6F69192_4A0AB17FB99C78B780EC6FD043DECB56	58_70EED381A45CE886467251C2D6F69192_4A0AB17FB99C78B780EC6FD043DECB56				
70EED381A45CE886467251C2D6F69192_4A0AB17FB99C78B780EC6FD043DECB56	59_70EED381A45CE886467251C2D6F69192_4A0AB17FB99C78B780EC6FD043DECB56				
70EED381A45CE886467251C2D6F69192_4A0AB17FB99C78B780EC6FD043DECB56	60_70EED381A45CE886467251C2D6F69192_4A0AB17FB99C78B780EC6FD043DECB56				
70EED381A45CE886467251C2D6F69192_4A0AB17FB99C78B780EC6FD043DECB56	61_70EED381A45CE886467251C2D6F69192_4A0AB17FB99C78B780EC6FD043DECB56				
70EED381A45CE886467251C2D6F69192_4A0AB17FB99C78B780EC6FD043DECB56	62_70EED381A45CE886467251C2D6F69192_4A0AB17FB99C78B780EC6FD043DECB56				
70EED381A45CE886467251C2D6F69192_4A0AB17FB99C78B780EC6FD043DECB56	63_70EED381A45CE886467251C2D6F69192_4A0AB17FB99C78B780EC6FD043DECB56				
70EED381A45CE886467251C2D6F69192_4A0AB17FB99C78B780EC6FD043DECB56	64_70EED381A45CE886467251C2D6F69192_4A0AB17FB99C78B780EC6FD043DECB56				
70EED381A45CE886467251C2D6F69192_4A0AB17FB99C78B780EC6FD043DECB56	65_70EED381A45CE886467251C2D6F69192_4A0AB17FB99C78B780EC6FD043DECB56				
70EED381A45CE886467251C2D6F69192_4A0AB17FB99C78B780EC6FD043DECB56	66_70EED381A45CE886467251C2D6F69192_4A0AB17FB99C78B780EC6FD043DECB56				
70EED381A45CE886467251C2D6F69192_4A0AB17FB99C78B780EC6FD043DECB56	67_70EED381A45CE886467251C2D6F69192_4A0AB17FB99C78B780EC6FD043DECB56				
70EED381A45CE886467251C2D6F69192_4A0AB17FB99C78B780EC6FD043DECB56	68_70EED381A45CE886467251C2D6F69192_4A0AB17FB99C78B780EC6FD043DECB56				
70EED381A45CE886467251C2D6F69192_4A0AB17FB99C78B780EC6FD043DECB56	69_70EED381A45CE886467251C2D6F69192_4A0AB17FB99C78B780EC6FD043DECB56				
70EED381A45CE886467251C2D6F69192_4A0AB17FB99C78B780EC6FD043DECB56	70_70EED381A45CE886467251C2D6F69192_4A0AB17FB99C78B780EC6FD043DECB56				
70EED381A45CE886467251C2D6F69192_4A0AB17FB99C78B780EC6FD043DECB56	71_70EED381A45CE886467251C2D6F69192_4A0AB17FB99C78B780EC6FD043DECB56				
70EED381A45CE886467251C2D6F69192_4A0AB17FB99C78B780EC6FD043DECB56	72_70EED381A45CE886467251C2D6F69192_4A0AB17FB99C78B780EC6FD043DECB56				
70EED381A45CE886467251C2D6F69192_4A0AB17FB99C78B780EC6FD043DECB56	73_70EED381A45CE886467251C2D6F69192_4A0AB17FB99C78B780EC6FD043DECB56				
70EED381A45CE886467251C2D6F69192_4A0AB17FB99C78B780EC6FD043DECB56	74_70EED381A45CE886467251C2D6F69192_4A0AB17FB99C78B780EC6FD043DECB56				
70EED381A45CE886467251C2D6F69192_4A0AB17FB99C78B780EC6FD043DECB56	75_70EED381A45CE886467251C2D6F69192_4A0AB17FB99C78B780EC6FD043DECB56				
70EED381A45CE886467251C2D6F69192_4A0AB17FB99C78B780EC6FD043DECB56	76_70EED381A45CE886467251C2D6F69192_4A0AB17FB99C78B780EC6FD043DECB56				
70EED381A45CE886467251C2D6F69192_4A0AB17FB99C78B780EC6FD043DECB56	77_70EED381A45CE886467251C2D6F69192_4A0AB17FB99C78B780EC6FD043DECB56				
70EED381A45CE886467251C2D6F69192_4A0AB17FB99C78B780EC6FD043DECB56	78_70EED381A45CE886467251C2D6F69192_4A0AB17FB99C78B780EC6FD043DECB56				
70EED381A45CE886467251C2D6F69192_4A0AB17FB99C78B780EC6FD043DECB56	79_70EED381A45CE886467251C2D6F69192_4A0AB17FB99C78B780EC6FD043DECB56				
70EED381A45CE886467251C2D6F69192_4A0AB17FB99C78B780EC6FD043DECB56	80_70EED381A45CE886467251C2D6F69192_4A0AB17FB99C78B780EC6FD043DECB56				
70EED381A45CE886467251C2D6F69192_4A0AB17FB99C78B780EC6FD043DECB56	81_70EED381A45CE886467251C2D6F69192_4A0AB17FB99C78B780EC6FD043DECB56				
70EED381A45CE886467251C2D6F69192_4A0AB17FB99C78B780EC6FD043DECB56	82_70EED381A45CE886467251C2D6F69192_4A0AB17FB99C78B780EC6FD043DECB56				
70EED381A45CE886467251C2D6F69192_4A0AB17FB99C78B780EC6FD043DECB56	83_70EED381A45CE886467251C2D6F69192_4A0AB17FB99C78B780EC6FD043DECB56				
70EED381A45CE886467251C2D6F69192_4A0AB17FB99C78B780EC6FD043DECB56	84_70EED381A45CE886467251C2D6F69192_4A0AB17FB99C78B780EC6FD043DECB56				
70EED381A45CE886467251C2D6F69192_4A0AB17FB99C78B780EC6FD043DECB56	85_70EED381A45CE886467251C2D6F69192_4A0AB17FB99C78B780EC6FD043DECB56				
70EED381A45CE886467251C2D6F69192_4A0AB17FB99C78B780EC6FD043DECB56	86_70EED381A45CE886467251C2D6F69192_4A0AB17FB99C78B780EC6FD043DECB56				
70EED381A45CE886467251C2D6F69192_4A0AB17FB99C78B780EC6FD043DECB56	87_70EED381A45CE886467251C2D6F69192_4A0AB17FB99C78B780EC6FD043DECB56				
70EED381A45CE886467251C2D6F69192_4A0AB17FB99C78B780EC6FD043DECB56	88_70EED381A45CE886467251C2D6F69192_4A0AB17FB99C78B780EC6FD043DECB56				
70EED381A45CE886467251C2D6F69192_4A0AB17FB99C78B780EC6FD043DECB56	89_70EED381A45CE886467251C2D6F69192_4A0AB17FB99C78B780EC6FD043DECB56				
70EED381A45CE886467251C2D6F69192_4A0AB17FB99C78B780EC6FD043DECB56	90_70EED381A45CE886467251C2D6F69192_4A0AB17FB99C78B780EC6FD043DECB56				
70EED381A45CE886467251C2D6F69192_4A0AB17FB99C78B780EC6FD043DECB56	91_70EED381A45CE886467251C2D6F69192_4A0AB17FB99C78B780EC6FD043DECB56				
70EED381A45CE886467251C2D6F69192_4A0AB17FB99C78B780EC6FD043DECB56	92_70EED381A45CE886467251C2D6F69192_4A0AB17FB99C78B780EC6FD043DECB56				
70EED381A45CE886467251C2D6F69192_4A0AB17FB99C78B780EC6FD043DECB56	93_70EED381A45CE886467251C2D6F69192_4A0AB17FB99C78B780EC6FD043DECB56				
70EED381A45CE886467251C2D6F69192_4A0AB17FB99C78B780EC6FD043DECB56	94_70EED381A45CE886467251C2D6F69192_4A0AB17FB99C78B780EC6FD043DECB56				
70EED381A45CE886467251C2D6F69192_4A0AB17FB99C78B780EC6FD043DECB56	95_70EED381A45CE886467251C2D6F69192_4A0AB17FB99C78B780EC6FD043DECB56				
70EED381A45CE886467251C2D6F69192_4A0AB17FB99C78B780EC6FD043DECB56	96_70EED381A45CE886467251C2D6F69192_4A0AB17FB99C78B780EC6FD043DECB56				
70EED381A45CE886467251C2D6F69192_4A0AB17FB99C78B780EC6FD043DECB56	97_70EED381A45CE886467251C2D6F69192_4A0AB17FB99C78B780EC6FD043DECB56				
70EED381A45CE886467251C2D6F69192_4A0AB17FB99C78B780EC6FD043DECB56	98_70EED381A45CE886467251C2D6F69192_4A0AB17FB99C78B780EC6FD043DECB56				
