srcNodeId	srcNodeType	dstNodeId	dstNodeType	rel	wallTime	hasUserGesture	method	referrerPolicy
8_D209C1B32E8178359D7E0707ECA6F840_CCC16432E81CA21B66CA4B964B65C6BD	Script	a43b0a1a329381b51da312eb3632c939	Resource	request	1763005698.389621	False	GET	same-origin
8_D209C1B32E8178359D7E0707ECA6F840_CCC16432E81CA21B66CA4B964B65C6BD	Script	6ef8eb16862a0cb5bbba0e32153ebdaa	Resource	request	1763005698.38988	False	GET	same-origin
8_D209C1B32E8178359D7E0707ECA6F840_CCC16432E81CA21B66CA4B964B65C6BD	Script	708fc1c7343ab2d23cf5b0e269252401	Resource	request	1763005698.390024	False	GET	same-origin
8_D209C1B32E8178359D7E0707ECA6F840_CCC16432E81CA21B66CA4B964B65C6BD	Script	e3993d80d675928570caf1c07ab80ca1	Resource	request	1763005698.39015	False	GET	same-origin
8_D209C1B32E8178359D7E0707ECA6F840_CCC16432E81CA21B66CA4B964B65C6BD	Script	1cff27337ecccb29cf1084cde5a640fe	Resource	request	1763005698.390427	False	GET	same-origin
8_D209C1B32E8178359D7E0707ECA6F840_CCC16432E81CA21B66CA4B964B65C6BD	Script	9e2ae3eb2776e9757b97a16c25cf43f8	Resource	request	1763005698.390537	False	GET	same-origin
8_D209C1B32E8178359D7E0707ECA6F840_CCC16432E81CA21B66CA4B964B65C6BD	Script	f6c16f42721077c6c44163b34e10c120	Resource	request	1763005698.390635	False	GET	same-origin
8_D209C1B32E8178359D7E0707ECA6F840_CCC16432E81CA21B66CA4B964B65C6BD	Script	d72ce211f5a1554eb867f61811a17975	Resource	request	1763005698.391283	False	GET	same-origin
8_D209C1B32E8178359D7E0707ECA6F840_CCC16432E81CA21B66CA4B964B65C6BD	Script	8efaef6509e41c4e6de40907971411dc	Resource	request	1763005698.391494	False	GET	same-origin
8_D209C1B32E8178359D7E0707ECA6F840_CCC16432E81CA21B66CA4B964B65C6BD	Script	762e12aae2902e6dd62cca7ec6403a43	Resource	request	1763005698.39164	False	GET	same-origin
8_D209C1B32E8178359D7E0707ECA6F840_CCC16432E81CA21B66CA4B964B65C6BD	Script	384699a43b4d11413fa29bb33fda13d3	Resource	request	1763005698.404266	False	GET	same-origin
8_D209C1B32E8178359D7E0707ECA6F840_CCC16432E81CA21B66CA4B964B65C6BD	Script	0a1ba40559466c70fff716b2f97e25d7	Resource	request	1763005698.404453	False	GET	same-origin
8_D209C1B32E8178359D7E0707ECA6F840_CCC16432E81CA21B66CA4B964B65C6BD	Script	3a9ccc7c14a1dd24c758fb4db3393a5f	Resource	request	1763005698.404613	False	GET	same-origin
8_D209C1B32E8178359D7E0707ECA6F840_CCC16432E81CA21B66CA4B964B65C6BD	Script	7f43db1a368787172a21ce74253a5145	Resource	request	1763005698.405843	False	GET	same-origin
8_D209C1B32E8178359D7E0707ECA6F840_CCC16432E81CA21B66CA4B964B65C6BD	Script	1269838245324b59d3dd67d575ecdcf2	Resource	request	1763005698.406018	False	GET	same-origin
8_D209C1B32E8178359D7E0707ECA6F840_CCC16432E81CA21B66CA4B964B65C6BD	Script	26e3632656d9c270aa93c3a443030aba	Resource	request	1763005698.406173	False	GET	same-origin
8_D209C1B32E8178359D7E0707ECA6F840_CCC16432E81CA21B66CA4B964B65C6BD	Script	390dca71f2b68235f1948b420423e3de	Resource	request	1763005698.406323	False	GET	same-origin
8_D209C1B32E8178359D7E0707ECA6F840_CCC16432E81CA21B66CA4B964B65C6BD	Script	4edb5602e730c6539289da8c52aee001	Resource	request	1763005698.406467	False	GET	same-origin
8_D209C1B32E8178359D7E0707ECA6F840_CCC16432E81CA21B66CA4B964B65C6BD	Script	340bdce9a32f694a2d529b717d1846c0	Resource	request	1763005698.407005	False	GET	same-origin
8_D209C1B32E8178359D7E0707ECA6F840_CCC16432E81CA21B66CA4B964B65C6BD	Script	f6b4828a32cfcb865f584289dcf3b8b8	Resource	request	1763005698.407179	False	GET	same-origin
8_D209C1B32E8178359D7E0707ECA6F840_CCC16432E81CA21B66CA4B964B65C6BD	Script	b17d37660b9c32a03ccbb7f5bf4dc100	Resource	request	1763005698.407464	False	GET	same-origin
8_D209C1B32E8178359D7E0707ECA6F840_CCC16432E81CA21B66CA4B964B65C6BD	Script	2a3694ecd220c811ce9d372d77ec13cd	Resource	request	1763005699.790072	False	GET	same-origin
8_D209C1B32E8178359D7E0707ECA6F840_CCC16432E81CA21B66CA4B964B65C6BD	Script	981482e1eb98b67ad270847e072d82bb	Resource	request	1763005699.790234	False	GET	same-origin
8_D209C1B32E8178359D7E0707ECA6F840_CCC16432E81CA21B66CA4B964B65C6BD	Script	7a66fa2b025e7d7755871eb7f2d1edac	Resource	request	1763005700.79079	False	GET	same-origin
8_D209C1B32E8178359D7E0707ECA6F840_CCC16432E81CA21B66CA4B964B65C6BD	Script	7e1d01ff63969ef52d96a6a56f1305a8	Resource	request	1763005701.791403	False	GET	same-origin
8_D209C1B32E8178359D7E0707ECA6F840_CCC16432E81CA21B66CA4B964B65C6BD	Script	501c6307155436afa9b4db2da2e3f7fa	Resource	request	1763005702.791961	False	GET	same-origin
8_D209C1B32E8178359D7E0707ECA6F840_CCC16432E81CA21B66CA4B964B65C6BD	Script	c8dea72d2e4e1cc3d2200125088e84bf	Resource	request	1763005703.792557	False	GET	same-origin
8_D209C1B32E8178359D7E0707ECA6F840_CCC16432E81CA21B66CA4B964B65C6BD	Script	3127ebd18080400a55c3ad65c6bea691	Resource	request	1763005704.793237	False	GET	same-origin
8_D209C1B32E8178359D7E0707ECA6F840_CCC16432E81CA21B66CA4B964B65C6BD	Script	c0624208c196f510823313f1fd1b7819	Resource	request	1763005705.793795	False	GET	same-origin
8_D209C1B32E8178359D7E0707ECA6F840_CCC16432E81CA21B66CA4B964B65C6BD	Script	69cb618a818921eaf65133dd4d016e27	Resource	request	1763005705.794076	False	GET	same-origin
8_D209C1B32E8178359D7E0707ECA6F840_CCC16432E81CA21B66CA4B964B65C6BD	Script	d3801c26a25dae2a8ba13afd48a99a02	Resource	request	1763005706.794768	False	GET	same-origin
8_D209C1B32E8178359D7E0707ECA6F840_CCC16432E81CA21B66CA4B964B65C6BD	Script	25cd11aaa985b094e99e6a26b940ab1f	Resource	request	1763005707.795398	False	GET	same-origin
8_D209C1B32E8178359D7E0707ECA6F840_CCC16432E81CA21B66CA4B964B65C6BD	Script	285ea25420df902156a1f8b760b3d31e	Resource	request	1763005708.796042	False	GET	same-origin
8_D209C1B32E8178359D7E0707ECA6F840_CCC16432E81CA21B66CA4B964B65C6BD	Script	c1820fe597d587162e3b5f7f2190e55e	Resource	request	1763005709.796541	False	GET	same-origin
8_D209C1B32E8178359D7E0707ECA6F840_CCC16432E81CA21B66CA4B964B65C6BD	Script	1f7966d56e56e6d3e48b4da5cf09c18c	Resource	request	1763005710.797128	False	GET	same-origin
8_D209C1B32E8178359D7E0707ECA6F840_CCC16432E81CA21B66CA4B964B65C6BD	Script	aca9ce7e4c941d130aa2d242df1e6629	Resource	request	1763005711.797693	False	GET	same-origin
8_D209C1B32E8178359D7E0707ECA6F840_CCC16432E81CA21B66CA4B964B65C6BD	Script	dce182bf8ff4e668a92268636e3bb930	Resource	request	1763005712.798319	False	GET	same-origin
8_D209C1B32E8178359D7E0707ECA6F840_CCC16432E81CA21B66CA4B964B65C6BD	Script	aed959624701d3ea170916c9a9f2b011	Resource	request	1763005713.798907	False	GET	same-origin
8_D209C1B32E8178359D7E0707ECA6F840_CCC16432E81CA21B66CA4B964B65C6BD	Script	e3243693c2a04398b1436ce10c3c005e	Resource	request	1763005714.79963	False	GET	same-origin
8_D209C1B32E8178359D7E0707ECA6F840_CCC16432E81CA21B66CA4B964B65C6BD	Script	554c45a82eadc89cee16814cd6cd8138	Resource	request	1763005715.800229	False	GET	same-origin
8_D209C1B32E8178359D7E0707ECA6F840_CCC16432E81CA21B66CA4B964B65C6BD	Script	5a24c34a1bfc9c820692dd3db177b1c8	Resource	request	1763005716.800786	False	GET	same-origin
8_D209C1B32E8178359D7E0707ECA6F840_CCC16432E81CA21B66CA4B964B65C6BD	Script	3603d4dec36f6080888956fdebfd13e7	Resource	request	1763005717.801355	False	GET	same-origin
8_D209C1B32E8178359D7E0707ECA6F840_CCC16432E81CA21B66CA4B964B65C6BD	Script	66b28fe60ab486454afdcc636c0e973b	Resource	request	1763005718.801971	False	GET	same-origin
8_D209C1B32E8178359D7E0707ECA6F840_CCC16432E81CA21B66CA4B964B65C6BD	Script	dced6e0bfca27f89feaea12bb4d7e7e7	Resource	request	1763005719.802577	False	GET	same-origin
8_D209C1B32E8178359D7E0707ECA6F840_CCC16432E81CA21B66CA4B964B65C6BD	Script	a870af40a3223b94ede4c534bfd48cc9	Resource	request	1763005720.803153	False	GET	same-origin
8_D209C1B32E8178359D7E0707ECA6F840_CCC16432E81CA21B66CA4B964B65C6BD	Script	7c796c7ebea7e2d5c7734549d072f3e0	Resource	request	1763005721.803712	False	GET	same-origin
8_D209C1B32E8178359D7E0707ECA6F840_CCC16432E81CA21B66CA4B964B65C6BD	Script	59116b4c9abb76cc0dd03f9803fb9ec9	Resource	request	1763005722.80436	False	GET	same-origin
8_D209C1B32E8178359D7E0707ECA6F840_CCC16432E81CA21B66CA4B964B65C6BD	Script	b880f0abf7207cf80f7f5136f945e836	Resource	request	1763005723.805038	False	GET	same-origin
8_D209C1B32E8178359D7E0707ECA6F840_CCC16432E81CA21B66CA4B964B65C6BD	Script	3f09530bbf9dcd1b9b5665c2ad9919bb	Resource	request	1763005724.805765	False	GET	same-origin
8_D209C1B32E8178359D7E0707ECA6F840_CCC16432E81CA21B66CA4B964B65C6BD	Script	444d05ddc5c4ab422effb4e2fd41a6f7	Resource	request	1763005725.806629	False	GET	same-origin
8_D209C1B32E8178359D7E0707ECA6F840_CCC16432E81CA21B66CA4B964B65C6BD	Script	7b385ca66323b73d9853889a0d0d50d5	Resource	request	1763005726.807232	False	GET	same-origin
8_D209C1B32E8178359D7E0707ECA6F840_CCC16432E81CA21B66CA4B964B65C6BD	Script	72802a5c682dc2e4e029015205c4349b	Resource	request	1763005727.808008	False	GET	same-origin
8_D209C1B32E8178359D7E0707ECA6F840_CCC16432E81CA21B66CA4B964B65C6BD	Script	a3deb157581393139c509cd8f44cc515	Resource	request	1763005728.808602	False	GET	same-origin
8_D209C1B32E8178359D7E0707ECA6F840_CCC16432E81CA21B66CA4B964B65C6BD	Script	66e7e2214fac9747405ab58feb3c5cdd	Resource	request	1763005729.809412	False	GET	same-origin
8_D209C1B32E8178359D7E0707ECA6F840_CCC16432E81CA21B66CA4B964B65C6BD	Script	9312ec252d4242e52debf56b1e5d4345	Resource	request	1763005730.809988	False	GET	same-origin
8_D209C1B32E8178359D7E0707ECA6F840_CCC16432E81CA21B66CA4B964B65C6BD	Script	4e05d8966d696dfdb4c8e5db390bb689	Resource	request	1763005731.810586	False	GET	same-origin
8_D209C1B32E8178359D7E0707ECA6F840_CCC16432E81CA21B66CA4B964B65C6BD	Script	a9569b598f9708ec2dc22516a6a8bc0f	Resource	request	1763005732.811384	False	GET	same-origin
8_D209C1B32E8178359D7E0707ECA6F840_CCC16432E81CA21B66CA4B964B65C6BD	Script	241301a50de8a13f5292d37d8d923e0d	Resource	request	1763005733.811978	False	GET	same-origin
8_D209C1B32E8178359D7E0707ECA6F840_CCC16432E81CA21B66CA4B964B65C6BD	Script	7bea8c05139232c60ecac7b9f845a0ac	Resource	request	1763005734.812524	False	GET	same-origin
8_D209C1B32E8178359D7E0707ECA6F840_CCC16432E81CA21B66CA4B964B65C6BD	Script	f11e7cca5f931592c2b125acbb0e0e8f	Resource	request	1763005735.813301	False	GET	same-origin
8_D209C1B32E8178359D7E0707ECA6F840_CCC16432E81CA21B66CA4B964B65C6BD	Script	51352bb2a162e79d7166a3f787556d03	Resource	request	1763005736.813882	False	GET	same-origin
8_D209C1B32E8178359D7E0707ECA6F840_CCC16432E81CA21B66CA4B964B65C6BD	Script	0bb6d86613d43e680750e3a2475a32a5	Resource	request	1763005737.814586	False	GET	same-origin
8_D209C1B32E8178359D7E0707ECA6F840_CCC16432E81CA21B66CA4B964B65C6BD	Script	cd4655fc5106c32f3dbb218e5f681a8c	Resource	request	1763005738.815205	False	GET	same-origin
8_D209C1B32E8178359D7E0707ECA6F840_CCC16432E81CA21B66CA4B964B65C6BD	Script	82fc9fec39020dc92ed27e2adb015d19	Resource	request	1763005739.815799	False	GET	same-origin
8_D209C1B32E8178359D7E0707ECA6F840_CCC16432E81CA21B66CA4B964B65C6BD	Script	c0f9e66239ffd267120a29de4777e32b	Resource	request	1763005740.816384	False	GET	same-origin
8_D209C1B32E8178359D7E0707ECA6F840_CCC16432E81CA21B66CA4B964B65C6BD	Script	267e7c4294379bf31315426b9634e2d3	Resource	request	1763005741.81695	False	GET	same-origin
8_D209C1B32E8178359D7E0707ECA6F840_CCC16432E81CA21B66CA4B964B65C6BD	Script	3286cd85e692835e7d72ee37b2ff11c0	Resource	request	1763005742.817467	False	GET	same-origin
8_D209C1B32E8178359D7E0707ECA6F840_CCC16432E81CA21B66CA4B964B65C6BD	Script	58351da4bdd874dcc63a3996885aa58f	Resource	request	1763005743.817974	False	GET	same-origin
8_D209C1B32E8178359D7E0707ECA6F840_CCC16432E81CA21B66CA4B964B65C6BD	Script	e39bb8ade2606ef0072a7f338db5e098	Resource	request	1763005744.818769	True	GET	same-origin
8_D209C1B32E8178359D7E0707ECA6F840_CCC16432E81CA21B66CA4B964B65C6BD	Script	75765fc2ee61a068c53a4a410e66c035	Resource	request	1763005744.818889	True	GET	same-origin
8_D209C1B32E8178359D7E0707ECA6F840_CCC16432E81CA21B66CA4B964B65C6BD	Script	bbb503c9bbb21275c264a107b0d34484	Resource	request	1763005745.819612	True	GET	same-origin
8_D209C1B32E8178359D7E0707ECA6F840_CCC16432E81CA21B66CA4B964B65C6BD	Script	bb86df2524ce4caee0b6de9d9d16caaa	Resource	request	1763005747.209945	True	GET	same-origin
8_D209C1B32E8178359D7E0707ECA6F840_CCC16432E81CA21B66CA4B964B65C6BD	Script	38871d8c536ca17d9e3e3627846f8973	Resource	request	1763005747.210471	True	GET	same-origin
8_D209C1B32E8178359D7E0707ECA6F840_CCC16432E81CA21B66CA4B964B65C6BD	Script	f58b23f52f4bb35c1cc505f62f5011bb	Resource	request	1763005749.209526	False	GET	same-origin
8_D209C1B32E8178359D7E0707ECA6F840_CCC16432E81CA21B66CA4B964B65C6BD	Script	b04f452b2fedc9cb2de264eb90ffc2c8	Resource	request	1763005751.209485	False	GET	same-origin
8_D209C1B32E8178359D7E0707ECA6F840_CCC16432E81CA21B66CA4B964B65C6BD	Script	5b5d32d204a7496c0249337eaf0e5a6f	Resource	request	1763005753.209519	False	GET	same-origin
8_D209C1B32E8178359D7E0707ECA6F840_CCC16432E81CA21B66CA4B964B65C6BD	Script	20d34d1ab1f6aa4bbfeff3e05d07835e	Resource	request	1763005755.209683	False	GET	same-origin
8_D209C1B32E8178359D7E0707ECA6F840_CCC16432E81CA21B66CA4B964B65C6BD	Script	3db71f4532c9a461fd61cb2c1116f6c1	Resource	request	1763005757.20959	False	GET	same-origin
8_D209C1B32E8178359D7E0707ECA6F840_CCC16432E81CA21B66CA4B964B65C6BD	Script	41b80b5bef0fb9bb17eb005ae230b927	Resource	request	1763005759.209935	False	GET	same-origin
8_D209C1B32E8178359D7E0707ECA6F840_CCC16432E81CA21B66CA4B964B65C6BD	Script	5c54ab34481e4fe424190c42ca02dd22	Resource	request	1763005761.209678	False	GET	same-origin
8_D209C1B32E8178359D7E0707ECA6F840_CCC16432E81CA21B66CA4B964B65C6BD	Script	5dcb46361e5c8118f69edb96d3cd8aed	Resource	request	1763005762.210504	False	GET	same-origin
8_D209C1B32E8178359D7E0707ECA6F840_CCC16432E81CA21B66CA4B964B65C6BD	Script	fefa7ba13dd2482143280c629cf67cdc	Resource	request	1763005763.214105	True	GET	same-origin
8_D209C1B32E8178359D7E0707ECA6F840_CCC16432E81CA21B66CA4B964B65C6BD	Script	5cc7de0fe1ed21580168cb5e53d8e8c3	Resource	request	1763005763.214382	True	GET	same-origin
8_D209C1B32E8178359D7E0707ECA6F840_CCC16432E81CA21B66CA4B964B65C6BD	Script	9fef600e6ef31dfc4b1e456d58084920	Resource	request	1763005764.214904	True	GET	same-origin
8_D209C1B32E8178359D7E0707ECA6F840_CCC16432E81CA21B66CA4B964B65C6BD	Script	687f8a8ff971865f5609cdad419f6753	Resource	request	1763005765.215355	True	GET	same-origin
8_D209C1B32E8178359D7E0707ECA6F840_CCC16432E81CA21B66CA4B964B65C6BD	Script	309668ccdfa63e68bd019c1441b1686e	Resource	request	1763005766.215747	True	GET	same-origin
8_D209C1B32E8178359D7E0707ECA6F840_CCC16432E81CA21B66CA4B964B65C6BD	Script	24eeff7bff526145970d3e7bfd6d592c	Resource	request	1763005767.216374	True	GET	same-origin
8_D209C1B32E8178359D7E0707ECA6F840_CCC16432E81CA21B66CA4B964B65C6BD	Script	e18e547c9d0cf099fe55ec86a7b4ab93	Resource	request	1763005768.217019	True	GET	same-origin
8_D209C1B32E8178359D7E0707ECA6F840_CCC16432E81CA21B66CA4B964B65C6BD	Script	4cce65db48b58e53b70d1ba7376c08fc	Resource	request	1763005769.21752	True	GET	same-origin
8_D209C1B32E8178359D7E0707ECA6F840_CCC16432E81CA21B66CA4B964B65C6BD	Script	3f54172e3dc4323b192ccc04aeb9d1e8	Resource	request	1763005770.218262	True	GET	same-origin
8_D209C1B32E8178359D7E0707ECA6F840_CCC16432E81CA21B66CA4B964B65C6BD	Script	b7415b37f152f0a946d4259083a83cf6	Resource	request	1763005770.218457	True	GET	same-origin
8_D209C1B32E8178359D7E0707ECA6F840_CCC16432E81CA21B66CA4B964B65C6BD	Script	96a43d88c3976b4f0ea1ead78660ccb6	Resource	request	1763005771.219103	True	GET	same-origin
8_D209C1B32E8178359D7E0707ECA6F840_CCC16432E81CA21B66CA4B964B65C6BD	Script	8d45499af3be64faf1427f6710a0f78b	Resource	request	1763005772.219616	True	GET	same-origin
8_D209C1B32E8178359D7E0707ECA6F840_CCC16432E81CA21B66CA4B964B65C6BD	Script	49c5622fed38fdb60ce7c5c04d5da500	Resource	request	1763005773.219999	False	GET	same-origin
8_D209C1B32E8178359D7E0707ECA6F840_CCC16432E81CA21B66CA4B964B65C6BD	Script	add42040e01a0124b608ac5cdf567912	Resource	request	1763005774.220486	False	GET	same-origin
8_D209C1B32E8178359D7E0707ECA6F840_CCC16432E81CA21B66CA4B964B65C6BD	Script	26adf10457d027f4436ac490915adc77	Resource	request	1763005775.221146	False	GET	same-origin
8_D209C1B32E8178359D7E0707ECA6F840_CCC16432E81CA21B66CA4B964B65C6BD	Script	0486b502270cfc6683f6626b96c48764	Resource	request	1763005776.221735	False	GET	same-origin
8_D209C1B32E8178359D7E0707ECA6F840_CCC16432E81CA21B66CA4B964B65C6BD	Script	01010616e526d27fc5a31ed48acbdc3a	Resource	request	1763005777.222344	False	GET	same-origin
8_D209C1B32E8178359D7E0707ECA6F840_CCC16432E81CA21B66CA4B964B65C6BD	Script	f7ddb8f277ed36922aea3f91d172d156	Resource	request	1763005778.222901	False	GET	same-origin
8_D209C1B32E8178359D7E0707ECA6F840_CCC16432E81CA21B66CA4B964B65C6BD	Script	66dbf542b4b2ce45980f3c2811e7ca50	Resource	request	1763005779.223417	False	GET	same-origin
8_D209C1B32E8178359D7E0707ECA6F840_CCC16432E81CA21B66CA4B964B65C6BD	Script	0716cb32c499c17990c719a0d969c253	Resource	request	1763005780.224054	False	GET	same-origin
8_D209C1B32E8178359D7E0707ECA6F840_CCC16432E81CA21B66CA4B964B65C6BD	Script	be99902aea38bc9c5e903fcc3b4dbdb4	Resource	request	1763005781.224738	False	GET	same-origin
8_D209C1B32E8178359D7E0707ECA6F840_CCC16432E81CA21B66CA4B964B65C6BD	Script	f210803a1ccd7fd621084761c0a4aaef	Resource	request	1763005782.2254	False	GET	same-origin
8_D209C1B32E8178359D7E0707ECA6F840_CCC16432E81CA21B66CA4B964B65C6BD	Script	1c67b9014414a06e1f48962f5081dab8	Resource	request	1763005783.226068	False	GET	same-origin
8_D209C1B32E8178359D7E0707ECA6F840_CCC16432E81CA21B66CA4B964B65C6BD	Script	3a0e4b359642b84974aa4ce7e524a9cc	Resource	request	1763005784.226554	False	GET	same-origin
8_D209C1B32E8178359D7E0707ECA6F840_CCC16432E81CA21B66CA4B964B65C6BD	Script	3ffed915b9296105a3dc699c798c6177	Resource	request	1763005784.226666	False	GET	same-origin
8_D209C1B32E8178359D7E0707ECA6F840_CCC16432E81CA21B66CA4B964B65C6BD	Script	0b4200ea8836224d82e086a80442daf0	Resource	request	1763005785.22712	False	GET	same-origin
8_D209C1B32E8178359D7E0707ECA6F840_CCC16432E81CA21B66CA4B964B65C6BD	Script	d2d5ddbd494515e164da83ab48ca2351	Resource	request	1763005785.227254	False	GET	same-origin
8_D209C1B32E8178359D7E0707ECA6F840_CCC16432E81CA21B66CA4B964B65C6BD	Script	76ed80863d7014f6aebbe9b28b2c92d2	Resource	request	1763005786.227878	False	GET	same-origin
8_D209C1B32E8178359D7E0707ECA6F840_CCC16432E81CA21B66CA4B964B65C6BD	Script	aa0482dd5647b5f83e2ba35e5e76d63a	Resource	request	1763005787.228499	False	GET	same-origin
8_D209C1B32E8178359D7E0707ECA6F840_CCC16432E81CA21B66CA4B964B65C6BD	Script	364d2c3f1d29e80c94e456cc55786f0d	Resource	request	1763005788.228988	False	GET	same-origin
8_D209C1B32E8178359D7E0707ECA6F840_CCC16432E81CA21B66CA4B964B65C6BD	Script	cc1aa99cb39bc39cd51d2aa2df1fe485	Resource	request	1763005789.22968	False	GET	same-origin
8_D209C1B32E8178359D7E0707ECA6F840_CCC16432E81CA21B66CA4B964B65C6BD	Script	e5f7cc6058c40e9d9487aaad7bb870bf	Resource	request	1763005790.23025	False	GET	same-origin
8_D209C1B32E8178359D7E0707ECA6F840_CCC16432E81CA21B66CA4B964B65C6BD	Script	fb1f000a24299ad30e465a7e21c0437a	Resource	request	1763005791.230966	False	GET	same-origin
8_D209C1B32E8178359D7E0707ECA6F840_CCC16432E81CA21B66CA4B964B65C6BD	Script	7a1c0c04cc69800e94c917c88b0a3485	Resource	request	1763005792.231497	False	GET	same-origin
8_D209C1B32E8178359D7E0707ECA6F840_CCC16432E81CA21B66CA4B964B65C6BD	Script	7a877c62d9a3ed52a77b850027389857	Resource	request	1763005793.232099	False	GET	same-origin
8_D209C1B32E8178359D7E0707ECA6F840_CCC16432E81CA21B66CA4B964B65C6BD	Script	6b8a186ff556041d26ebdb562c962d7c	Resource	request	1763005794.232582	True	GET	same-origin
8_D209C1B32E8178359D7E0707ECA6F840_CCC16432E81CA21B66CA4B964B65C6BD	Script	2375fa03d6f6cd57c1a6d71f97f76bcf	Resource	request	1763005794.232731	True	GET	same-origin
8_D209C1B32E8178359D7E0707ECA6F840_CCC16432E81CA21B66CA4B964B65C6BD	Script	8ec8cbe2c156e8491a21350c991ddd12	Resource	request	1763005795.233248	True	GET	same-origin
8_D209C1B32E8178359D7E0707ECA6F840_CCC16432E81CA21B66CA4B964B65C6BD	Script	c85ecdcf40b773915ac9ca3e66df9787	Resource	request	1763005796.233702	True	GET	same-origin
8_D209C1B32E8178359D7E0707ECA6F840_CCC16432E81CA21B66CA4B964B65C6BD	Script	86f1a0befdb6cbeac7a3b80cfb47f51f	Resource	request	1763005796.233846	True	GET	same-origin
8_D209C1B32E8178359D7E0707ECA6F840_CCC16432E81CA21B66CA4B964B65C6BD	Script	1b70cb0d96b6e6d5e3987242f3fc5b36	Resource	request	1763005797.234534	True	GET	same-origin
8_D209C1B32E8178359D7E0707ECA6F840_CCC16432E81CA21B66CA4B964B65C6BD	Script	4628910cd28d32bdf1b3df548b96db18	Resource	request	1763005797.234662	True	GET	same-origin
8_D209C1B32E8178359D7E0707ECA6F840_CCC16432E81CA21B66CA4B964B65C6BD	Script	0c21600ed219a2492c2bbdc8cf952e7d	Resource	request	1763005798.235448	True	GET	same-origin
8_D209C1B32E8178359D7E0707ECA6F840_CCC16432E81CA21B66CA4B964B65C6BD	Script	93b26a62915dab9fffa766dce7576679	Resource	request	1763005798.235733	True	GET	same-origin
8_D209C1B32E8178359D7E0707ECA6F840_CCC16432E81CA21B66CA4B964B65C6BD	Script	9253097c3598cae68525a1a177a2094f	Resource	request	1763005798.913163	True	GET	same-origin
8_D209C1B32E8178359D7E0707ECA6F840_CCC16432E81CA21B66CA4B964B65C6BD	Script	a4ab88a28ee406d381202991f0faa289	Resource	request	1763005799.23663	True	GET	same-origin
8_D209C1B32E8178359D7E0707ECA6F840_CCC16432E81CA21B66CA4B964B65C6BD	Script	a7f339178c79c40b709935b90a6774f1	Resource	request	1763005799.236813	True	GET	same-origin
89_D209C1B32E8178359D7E0707ECA6F840_72DFC953581E8BA613D4BA55E04B9701	Script	20f00543dd6f20c3a086c53d2f51e450	Resource	request	1763005800.148419	False	GET	same-origin
89_D209C1B32E8178359D7E0707ECA6F840_72DFC953581E8BA613D4BA55E04B9701	Script	62c09cd3ac9ae9985a777254c62057b2	Resource	request	1763005800.251667	False	GET	same-origin
89_D209C1B32E8178359D7E0707ECA6F840_72DFC953581E8BA613D4BA55E04B9701	Script	eaaeae30e52d2403c604a5ddaeaa004f	Resource	request	1763005800.283833	False	GET	same-origin
89_D209C1B32E8178359D7E0707ECA6F840_72DFC953581E8BA613D4BA55E04B9701	Script	bdd59f35a37b989226a08d170b763f6a	Resource	request	1763005800.426171	False	GET	same-origin
15_D209C1B32E8178359D7E0707ECA6F840_72DFC953581E8BA613D4BA55E04B9701	Script	7fed9be11bf1627e4f29781f23da2adf	Resource	request	1763005800.680462	False	GET	origin
15_D209C1B32E8178359D7E0707ECA6F840_72DFC953581E8BA613D4BA55E04B9701	Script	492aeaaf36ea644298b5f63f6b6e45e9	Resource	request	1763005800.704088	False	GET	origin
15_D209C1B32E8178359D7E0707ECA6F840_72DFC953581E8BA613D4BA55E04B9701	Script	32dc5148036c92fe0f19bbd15c4ae517	Resource	request	1763005800.708947	False	GET	origin
15_D209C1B32E8178359D7E0707ECA6F840_72DFC953581E8BA613D4BA55E04B9701	Script	421680235f62e9ec03e09a3a0e9e2aaa	Resource	request	1763005800.737523	False	GET	origin
15_D209C1B32E8178359D7E0707ECA6F840_72DFC953581E8BA613D4BA55E04B9701	Script	d9511391a4cac56a30a49ce15967d148	Resource	request	1763005800.761685	False	GET	origin
15_D209C1B32E8178359D7E0707ECA6F840_72DFC953581E8BA613D4BA55E04B9701	Script	42701f7900d9c60b67ba407aaffa3b5c	Resource	request	1763005800.779192	False	GET	origin
15_D209C1B32E8178359D7E0707ECA6F840_72DFC953581E8BA613D4BA55E04B9701	Script	1061c2e404729d62b7d2cd71ee0eafee	Resource	request	1763005800.783637	False	GET	origin
15_D209C1B32E8178359D7E0707ECA6F840_72DFC953581E8BA613D4BA55E04B9701	Script	7989d1d6d3bae8e588f1bbe5048728f6	Resource	request	1763005800.789753	False	GET	origin
15_A55EA187C6076FAAC59FC4771972DBAA_22E87508A2CFBFDBD7267F997B318E54	Script	672c056618a15985ef61466a183d4df3	Resource	request	1763005800.796713	False	GET	origin
36_61DE3D5C9A9DC4080E01C1E69A1892A0_EB7DC25756EA58B976D9D6FA25352FE1	Script	3ba814853eba58549e8714c2ed4b8bbf	Resource	request	1763005800.806735	False	GET	origin
15_D209C1B32E8178359D7E0707ECA6F840_72DFC953581E8BA613D4BA55E04B9701	Script	03f70c3e68883202ea7a09f9e426183a	Resource	request	1763005800.809261	False	POST	origin
15_D209C1B32E8178359D7E0707ECA6F840_72DFC953581E8BA613D4BA55E04B9701	Script	318afd562d48914eab88171cfe2e13fc	Resource	request	1763005800.970502	False	GET	origin
29_D209C1B32E8178359D7E0707ECA6F840_72DFC953581E8BA613D4BA55E04B9701	Script	4f7d6cfffdd6e02ae401a09acae48e7e	Resource	request	1763005800.983327	False	POST	origin
29_D209C1B32E8178359D7E0707ECA6F840_72DFC953581E8BA613D4BA55E04B9701	Script	4f7d6cfffdd6e02ae401a09acae48e7e	Resource	request	1763005800.984426	False	POST	origin
10_1EF4D093AF9F9E5230897A64CEA0B3C6_46E139A00111FBB8F194ECC5BEE216C5	Script	0ead46681ca304d665a2441dc2d864e6	Resource	request	1763005748.210449	False	GET	strict-origin-when-cross-origin
5_1EF4D093AF9F9E5230897A64CEA0B3C6_46E139A00111FBB8F194ECC5BEE216C5	Script	708df7405e2418c6feba8005f30b3095	Resource	request	1763005748.251827	False	GET	strict-origin-when-cross-origin
5_1EF4D093AF9F9E5230897A64CEA0B3C6_46E139A00111FBB8F194ECC5BEE216C5	Script	d4fafa771c0d569ecba232911b86fd94	Resource	request	1763005748.711596	False	GET	strict-origin-when-cross-origin
10_1EF4D093AF9F9E5230897A64CEA0B3C6_46E139A00111FBB8F194ECC5BEE216C5	Script	6ad549753a7eb09f6053c62e8e74a7e3	Resource	request	1763005751.06252	True	GET	strict-origin-when-cross-origin
5_1EF4D093AF9F9E5230897A64CEA0B3C6_46E139A00111FBB8F194ECC5BEE216C5	Script	5d6978bd09dec17484008e92febfbcb3	Resource	request	1763005751.137611	True	GET	strict-origin-when-cross-origin
5_1EF4D093AF9F9E5230897A64CEA0B3C6_46E139A00111FBB8F194ECC5BEE216C5	Script	5c0a21938244266fad78d54e3d89e706	Resource	request	1763005751.143985	True	GET	strict-origin-when-cross-origin
5_1EF4D093AF9F9E5230897A64CEA0B3C6_46E139A00111FBB8F194ECC5BEE216C5	Script	dd643e5732e7443919047749c6c509ed	Resource	request	1763005752.263031	True	POST	strict-origin-when-cross-origin
5_1EF4D093AF9F9E5230897A64CEA0B3C6_46E139A00111FBB8F194ECC5BEE216C5	Script	749f147728898ceaeca4a2962bfefe6e	Resource	request	1763005756.931855	True	POST	strict-origin-when-cross-origin
5_1EF4D093AF9F9E5230897A64CEA0B3C6_46E139A00111FBB8F194ECC5BEE216C5	Script	8c7022379fc0b2eddd864a396cd63d24	Resource	request	1763005756.932317	True	POST	strict-origin-when-cross-origin
5_1EF4D093AF9F9E5230897A64CEA0B3C6_46E139A00111FBB8F194ECC5BEE216C5	Script	c7420fc0ecfbef5b20f15a08bc639c66	Resource	request	1763005758.216424	True	GET	strict-origin-when-cross-origin
5_1EF4D093AF9F9E5230897A64CEA0B3C6_46E139A00111FBB8F194ECC5BEE216C5	Script	bdf74b280a1959100bbdf7e94c05ec62	Resource	request	1763005759.336925	True	POST	strict-origin-when-cross-origin
5_1EF4D093AF9F9E5230897A64CEA0B3C6_46E139A00111FBB8F194ECC5BEE216C5	Script	749f147728898ceaeca4a2962bfefe6e	Resource	request	1763005759.437552	True	POST	strict-origin-when-cross-origin
5_1EF4D093AF9F9E5230897A64CEA0B3C6_46E139A00111FBB8F194ECC5BEE216C5	Script	7c0be11b6acac1dacd13628411cd489d	Resource	request	1763005769.20982	False	GET	strict-origin-when-cross-origin
5_1EF4D093AF9F9E5230897A64CEA0B3C6_46E139A00111FBB8F194ECC5BEE216C5	Script	9d19e5d1c7d4e7cb52df8e2dac60585a	Resource	request	1763005779.209557	False	GET	strict-origin-when-cross-origin
5_1EF4D093AF9F9E5230897A64CEA0B3C6_46E139A00111FBB8F194ECC5BEE216C5	Script	ca3e266f17a0dc9f4e11d6038bb639fb	Resource	request	1763005789.209728	False	GET	strict-origin-when-cross-origin
5_1EF4D093AF9F9E5230897A64CEA0B3C6_46E139A00111FBB8F194ECC5BEE216C5	Script	34cf22c44d49335b1ff430963ac55ed2	Resource	request	1763005799.209622	False	GET	strict-origin-when-cross-origin
5_1EF4D093AF9F9E5230897A64CEA0B3C6_46E139A00111FBB8F194ECC5BEE216C5	Script	749f147728898ceaeca4a2962bfefe6e	Resource	request	1763005808.43529	True	POST	strict-origin-when-cross-origin
5_1EF4D093AF9F9E5230897A64CEA0B3C6_46E139A00111FBB8F194ECC5BEE216C5	Script	8c7022379fc0b2eddd864a396cd63d24	Resource	request	1763005808.436651	True	POST	strict-origin-when-cross-origin
5_1EF4D093AF9F9E5230897A64CEA0B3C6_46E139A00111FBB8F194ECC5BEE216C5	Script	ec75d50bab9f1f635fb944ec25ccd538	Resource	request	1763005809.216184	True	GET	strict-origin-when-cross-origin
5_1EF4D093AF9F9E5230897A64CEA0B3C6_46E139A00111FBB8F194ECC5BEE216C5	Script	bdf74b280a1959100bbdf7e94c05ec62	Resource	request	1763005809.657851	True	POST	strict-origin-when-cross-origin
5_1EF4D093AF9F9E5230897A64CEA0B3C6_46E139A00111FBB8F194ECC5BEE216C5	Script	749f147728898ceaeca4a2962bfefe6e	Resource	request	1763005809.758296	True	POST	strict-origin-when-cross-origin
5_1EF4D093AF9F9E5230897A64CEA0B3C6_46E139A00111FBB8F194ECC5BEE216C5	Script	8aa2ffcf999b81607c44f60faf4633f3	Resource	request	1763005819.672652	False	GET	strict-origin-when-cross-origin
5_1EF4D093AF9F9E5230897A64CEA0B3C6_46E139A00111FBB8F194ECC5BEE216C5	Script	749f147728898ceaeca4a2962bfefe6e	Resource	request	1763005825.895605	True	POST	strict-origin-when-cross-origin
5_1EF4D093AF9F9E5230897A64CEA0B3C6_46E139A00111FBB8F194ECC5BEE216C5	Script	8c7022379fc0b2eddd864a396cd63d24	Resource	request	1763005825.896643	True	POST	strict-origin-when-cross-origin
5_1EF4D093AF9F9E5230897A64CEA0B3C6_46E139A00111FBB8F194ECC5BEE216C5	Script	bdf74b280a1959100bbdf7e94c05ec62	Resource	request	1763005827.166398	True	POST	strict-origin-when-cross-origin
5_1EF4D093AF9F9E5230897A64CEA0B3C6_46E139A00111FBB8F194ECC5BEE216C5	Script	749f147728898ceaeca4a2962bfefe6e	Resource	request	1763005827.316773	True	POST	strict-origin-when-cross-origin
5_1EF4D093AF9F9E5230897A64CEA0B3C6_46E139A00111FBB8F194ECC5BEE216C5	Script	4f0fe4c806bfb62fdd132199dab1b9ff	Resource	request	1763005830.209502	True	GET	strict-origin-when-cross-origin
89_32264055383193660C247556D49C1017_D486F370A3EB380AC5CBD32BB74F51CC	Script	0db2ae4d7d99b48b309900c357c74355	Resource	request	1763005800.146277	True	GET	same-origin
335_32264055383193660C247556D49C1017_D486F370A3EB380AC5CBD32BB74F51CC	Script	8adde7aa0b169a7358f18551836bd285	Resource	request	1763005800.581617	False	GET	strict-origin-when-cross-origin
335_32264055383193660C247556D49C1017_D486F370A3EB380AC5CBD32BB74F51CC	Script	a610a622d240ad2cf1b400347771012d	Resource	request	1763005800.582942	False	GET	strict-origin-when-cross-origin
335_32264055383193660C247556D49C1017_D486F370A3EB380AC5CBD32BB74F51CC	Script	9cfd6b95985409905edac4c33adf72a2	Resource	request	1763005800.583294	False	GET	strict-origin-when-cross-origin
335_32264055383193660C247556D49C1017_D486F370A3EB380AC5CBD32BB74F51CC	Script	9d48627617d18541993fce65449bbcc0	Resource	request	1763005800.583624	False	GET	strict-origin-when-cross-origin
335_32264055383193660C247556D49C1017_D486F370A3EB380AC5CBD32BB74F51CC	Script	fe99742b193d0a7402c96e4f9d7faf72	Resource	request	1763005800.583968	False	GET	strict-origin-when-cross-origin
335_32264055383193660C247556D49C1017_D486F370A3EB380AC5CBD32BB74F51CC	Script	8dc8b95a032617b6e01b90fa2f1c8820	Resource	request	1763005800.584288	False	GET	strict-origin-when-cross-origin
335_32264055383193660C247556D49C1017_D486F370A3EB380AC5CBD32BB74F51CC	Script	c56c20d45de0fd12d6a2042aba37a17a	Resource	request	1763005800.584554	False	GET	strict-origin-when-cross-origin
335_32264055383193660C247556D49C1017_D486F370A3EB380AC5CBD32BB74F51CC	Script	7c2106a4c29a99eb9bf0835fbffc1349	Resource	request	1763005800.584839	False	GET	strict-origin-when-cross-origin
335_32264055383193660C247556D49C1017_D486F370A3EB380AC5CBD32BB74F51CC	Script	c976608b889999ab258e7fd7ebb937ef	Resource	request	1763005800.585199	False	GET	strict-origin-when-cross-origin
335_32264055383193660C247556D49C1017_D486F370A3EB380AC5CBD32BB74F51CC	Script	a713d0dc5c14a6ebe4466e63da8d693c	Resource	request	1763005800.585476	False	GET	strict-origin-when-cross-origin
335_32264055383193660C247556D49C1017_D486F370A3EB380AC5CBD32BB74F51CC	Script	b3b28b5654821129d3a15765a87c6350	Resource	request	1763005800.5982	False	GET	strict-origin-when-cross-origin
335_32264055383193660C247556D49C1017_D486F370A3EB380AC5CBD32BB74F51CC	Script	ae4486cf14f5d34e7908aec0fa741232	Resource	request	1763005800.598459	False	GET	strict-origin-when-cross-origin
335_32264055383193660C247556D49C1017_D486F370A3EB380AC5CBD32BB74F51CC	Script	aa5698cda686e0af44346247a514105f	Resource	request	1763005800.598662	False	GET	strict-origin-when-cross-origin
335_32264055383193660C247556D49C1017_D486F370A3EB380AC5CBD32BB74F51CC	Script	003fa79e10fa8cdfe4bd6b674e476aae	Resource	request	1763005800.598853	False	GET	strict-origin-when-cross-origin
335_32264055383193660C247556D49C1017_D486F370A3EB380AC5CBD32BB74F51CC	Script	ca3b9c6e73dc5e364b686467eac94947	Resource	request	1763005800.599087	False	GET	strict-origin-when-cross-origin
335_32264055383193660C247556D49C1017_D486F370A3EB380AC5CBD32BB74F51CC	Script	d11180da83b928afee570ad9677977d2	Resource	request	1763005800.599299	False	GET	strict-origin-when-cross-origin
335_32264055383193660C247556D49C1017_D486F370A3EB380AC5CBD32BB74F51CC	Script	d3057eae7051ab935e3e1e578b29b94e	Resource	request	1763005800.599478	False	GET	strict-origin-when-cross-origin
335_32264055383193660C247556D49C1017_D486F370A3EB380AC5CBD32BB74F51CC	Script	581b7e58ff36e63a19e29eb65af54f8e	Resource	request	1763005800.599676	False	GET	strict-origin-when-cross-origin
335_32264055383193660C247556D49C1017_D486F370A3EB380AC5CBD32BB74F51CC	Script	fa442a777af020688e4f52845668f494	Resource	request	1763005800.599908	False	GET	strict-origin-when-cross-origin
335_32264055383193660C247556D49C1017_D486F370A3EB380AC5CBD32BB74F51CC	Script	600cb332aa07fcef05813f6cc62434b6	Resource	request	1763005800.600168	False	GET	strict-origin-when-cross-origin
335_32264055383193660C247556D49C1017_D486F370A3EB380AC5CBD32BB74F51CC	Script	f7560a034a78403be12f8a1e55766502	Resource	request	1763005800.600519	False	GET	strict-origin-when-cross-origin
335_32264055383193660C247556D49C1017_D486F370A3EB380AC5CBD32BB74F51CC	Script	3920ca28d65ec9cdfc123af2ee1cdcd8	Resource	request	1763005801.601193	False	GET	strict-origin-when-cross-origin
335_32264055383193660C247556D49C1017_D486F370A3EB380AC5CBD32BB74F51CC	Script	5f42368e67f71a8875fb2ddb18d2901e	Resource	request	1763005802.601848	False	GET	strict-origin-when-cross-origin
335_32264055383193660C247556D49C1017_D486F370A3EB380AC5CBD32BB74F51CC	Script	508671729b65f4e3cac128f1bab29c90	Resource	request	1763005803.602387	False	GET	strict-origin-when-cross-origin
335_32264055383193660C247556D49C1017_D486F370A3EB380AC5CBD32BB74F51CC	Script	6677bf3c9e892cba2702ed75aa335666	Resource	request	1763005804.603054	False	GET	strict-origin-when-cross-origin
8_B349D8FDD740E715D0F0FA9D16F0179D_39082A2C77BEE2D8E1AA00FCF45CEAD2	Script	d61f3490fa38f2a88bcf49c6598b2046	Resource	request	1763005812.482929	False	GET	same-origin
8_B349D8FDD740E715D0F0FA9D16F0179D_39082A2C77BEE2D8E1AA00FCF45CEAD2	Script	fc79bef778b9049091629c9a79416e41	Resource	request	1763005812.483362	False	GET	same-origin
8_B349D8FDD740E715D0F0FA9D16F0179D_39082A2C77BEE2D8E1AA00FCF45CEAD2	Script	d94a802b01e4cbe024aecaa70e85d2f1	Resource	request	1763005812.483537	False	GET	same-origin
8_B349D8FDD740E715D0F0FA9D16F0179D_39082A2C77BEE2D8E1AA00FCF45CEAD2	Script	e23ba9dbc067624ec097cdf0157f49d8	Resource	request	1763005812.483662	False	GET	same-origin
8_B349D8FDD740E715D0F0FA9D16F0179D_39082A2C77BEE2D8E1AA00FCF45CEAD2	Script	7948756ff334f48259f8a5b9f77bcb6a	Resource	request	1763005812.483933	False	GET	same-origin
8_B349D8FDD740E715D0F0FA9D16F0179D_39082A2C77BEE2D8E1AA00FCF45CEAD2	Script	9791bc867e922ca7fe27b754b68fae09	Resource	request	1763005812.48404	False	GET	same-origin
8_B349D8FDD740E715D0F0FA9D16F0179D_39082A2C77BEE2D8E1AA00FCF45CEAD2	Script	35fa9de1b30f1e2144d13667dca03201	Resource	request	1763005812.484127	False	GET	same-origin
8_B349D8FDD740E715D0F0FA9D16F0179D_39082A2C77BEE2D8E1AA00FCF45CEAD2	Script	7061fa2aff64d7fcfc5e396fe309f2c6	Resource	request	1763005812.484764	False	GET	same-origin
8_B349D8FDD740E715D0F0FA9D16F0179D_39082A2C77BEE2D8E1AA00FCF45CEAD2	Script	227fa5f86ae093fab74d3e5829b8f8b0	Resource	request	1763005812.484976	False	GET	same-origin
8_B349D8FDD740E715D0F0FA9D16F0179D_39082A2C77BEE2D8E1AA00FCF45CEAD2	Script	28e3729dc456503dfa4b496a9ca9c1f1	Resource	request	1763005812.485128	False	GET	same-origin
8_B349D8FDD740E715D0F0FA9D16F0179D_39082A2C77BEE2D8E1AA00FCF45CEAD2	Script	22294e7e0693f9bc825cd2eace3268f4	Resource	request	1763005812.49766	False	GET	same-origin
8_B349D8FDD740E715D0F0FA9D16F0179D_39082A2C77BEE2D8E1AA00FCF45CEAD2	Script	ca004d39c89967ba7e561339510a0dcd	Resource	request	1763005812.497842	False	GET	same-origin
8_B349D8FDD740E715D0F0FA9D16F0179D_39082A2C77BEE2D8E1AA00FCF45CEAD2	Script	c194003e7b896a22a12c493b8193a1a1	Resource	request	1763005812.497999	False	GET	same-origin
8_B349D8FDD740E715D0F0FA9D16F0179D_39082A2C77BEE2D8E1AA00FCF45CEAD2	Script	d310d62012b9dd00d3b30d280ead2d17	Resource	request	1763005812.499232	False	GET	same-origin
8_B349D8FDD740E715D0F0FA9D16F0179D_39082A2C77BEE2D8E1AA00FCF45CEAD2	Script	56a69b2b9b79abd0b69c0aad4a51568e	Resource	request	1763005812.499526	False	GET	same-origin
8_B349D8FDD740E715D0F0FA9D16F0179D_39082A2C77BEE2D8E1AA00FCF45CEAD2	Script	30c4d1d6817e3fd73a42afffe35e998a	Resource	request	1763005812.499625	False	GET	same-origin
8_B349D8FDD740E715D0F0FA9D16F0179D_39082A2C77BEE2D8E1AA00FCF45CEAD2	Script	d7891b73826f5d3b7011ee48c2e4ed4d	Resource	request	1763005812.499699	False	GET	same-origin
8_B349D8FDD740E715D0F0FA9D16F0179D_39082A2C77BEE2D8E1AA00FCF45CEAD2	Script	8f3effb4b36938d2bf8baa4aeabc4ccb	Resource	request	1763005812.499759	False	GET	same-origin
8_B349D8FDD740E715D0F0FA9D16F0179D_39082A2C77BEE2D8E1AA00FCF45CEAD2	Script	45fd67d0fcd6c208b34718df10a62ff9	Resource	request	1763005812.500125	False	GET	same-origin
8_B349D8FDD740E715D0F0FA9D16F0179D_39082A2C77BEE2D8E1AA00FCF45CEAD2	Script	43df9b197ea12b8197a75b0a42c3ca8c	Resource	request	1763005812.500219	False	GET	same-origin
8_B349D8FDD740E715D0F0FA9D16F0179D_39082A2C77BEE2D8E1AA00FCF45CEAD2	Script	fe527695c0e1aa7d611bfbd7bd7c791f	Resource	request	1763005812.50038	False	GET	same-origin
8_B349D8FDD740E715D0F0FA9D16F0179D_39082A2C77BEE2D8E1AA00FCF45CEAD2	Script	3249567da758625e3f912ed778c069f0	Resource	request	1763005813.719436	False	GET	same-origin
8_B349D8FDD740E715D0F0FA9D16F0179D_39082A2C77BEE2D8E1AA00FCF45CEAD2	Script	6d11d400d49ccc904e6b2f21ae2b9917	Resource	request	1763005814.023307	False	GET	same-origin
8_B349D8FDD740E715D0F0FA9D16F0179D_39082A2C77BEE2D8E1AA00FCF45CEAD2	Script	35739102eb144f63cf1113f2b7695dee	Resource	request	1763005814.723892	False	GET	same-origin
30_B349D8FDD740E715D0F0FA9D16F0179D_BB264FB4270601D72157B2F6A66F27DD	Script	6977a3333667ff7508695e14d28f1d8d	Resource	request	1763005815.090885	True	GET	same-origin
8_B349D8FDD740E715D0F0FA9D16F0179D_39082A2C77BEE2D8E1AA00FCF45CEAD2	Script	cf0b8a44eadf32c2caf0d748f8cba63a	Resource	request	1763005815.089069	False	GET	same-origin
8_7FF97959DC09BE6BCB82BA8AB550EE9E_45263DB15A96829619163945103093D0	Script	ffbd7384050e928fa018bf4914e4c739	Resource	request	1763005818.979562	False	GET	same-origin
8_7FF97959DC09BE6BCB82BA8AB550EE9E_45263DB15A96829619163945103093D0	Script	9fff543b9e53d53e26c29ca4d0ba1be3	Resource	request	1763005818.979838	False	GET	same-origin
8_7FF97959DC09BE6BCB82BA8AB550EE9E_45263DB15A96829619163945103093D0	Script	35d4ad2d223b5f80c75d27c65bfe4624	Resource	request	1763005818.979982	False	GET	same-origin
8_7FF97959DC09BE6BCB82BA8AB550EE9E_45263DB15A96829619163945103093D0	Script	df657e36b41a0f81180e06246f82b406	Resource	request	1763005818.980111	False	GET	same-origin
8_7FF97959DC09BE6BCB82BA8AB550EE9E_45263DB15A96829619163945103093D0	Script	ddd5e7998985ae4aee7ddba728739822	Resource	request	1763005818.98044	False	GET	same-origin
8_7FF97959DC09BE6BCB82BA8AB550EE9E_45263DB15A96829619163945103093D0	Script	07937d3e1f6fccd637d3541371d0c55f	Resource	request	1763005818.980579	False	GET	same-origin
8_7FF97959DC09BE6BCB82BA8AB550EE9E_45263DB15A96829619163945103093D0	Script	8031ebbea92dfe837c885f1666709745	Resource	request	1763005818.980698	False	GET	same-origin
8_7FF97959DC09BE6BCB82BA8AB550EE9E_45263DB15A96829619163945103093D0	Script	184e00735ce76a489f82c7251aab5046	Resource	request	1763005818.981319	False	GET	same-origin
8_7FF97959DC09BE6BCB82BA8AB550EE9E_45263DB15A96829619163945103093D0	Script	9525ed19580f79d0adf1577287435500	Resource	request	1763005818.981518	False	GET	same-origin
8_7FF97959DC09BE6BCB82BA8AB550EE9E_45263DB15A96829619163945103093D0	Script	746c5f40cfa31a9aca3ef7e88362f33b	Resource	request	1763005818.981662	False	GET	same-origin
8_7FF97959DC09BE6BCB82BA8AB550EE9E_45263DB15A96829619163945103093D0	Script	6af7591fc7a3119895e0d1a3e87cf298	Resource	request	1763005818.997027	False	GET	same-origin
8_7FF97959DC09BE6BCB82BA8AB550EE9E_45263DB15A96829619163945103093D0	Script	6681943480fc84a957254488a60e3e75	Resource	request	1763005818.997222	False	GET	same-origin
8_7FF97959DC09BE6BCB82BA8AB550EE9E_45263DB15A96829619163945103093D0	Script	14d11bcad99824af88a47c4ffd75a7b7	Resource	request	1763005818.997385	False	GET	same-origin
8_7FF97959DC09BE6BCB82BA8AB550EE9E_45263DB15A96829619163945103093D0	Script	b544d001bbe12cc1269af74331846621	Resource	request	1763005818.998515	False	GET	same-origin
8_7FF97959DC09BE6BCB82BA8AB550EE9E_45263DB15A96829619163945103093D0	Script	f902df8eda6a0d692e00399a4a730506	Resource	request	1763005818.998637	False	GET	same-origin
8_7FF97959DC09BE6BCB82BA8AB550EE9E_45263DB15A96829619163945103093D0	Script	5f803582014a79cc9f00a1141496121e	Resource	request	1763005818.998712	False	GET	same-origin
8_7FF97959DC09BE6BCB82BA8AB550EE9E_45263DB15A96829619163945103093D0	Script	3c04f247154f2ad677235fac8071ef03	Resource	request	1763005818.998781	False	GET	same-origin
8_7FF97959DC09BE6BCB82BA8AB550EE9E_45263DB15A96829619163945103093D0	Script	99140ee7c01063d671db5621fc6aff08	Resource	request	1763005818.998846	False	GET	same-origin
8_7FF97959DC09BE6BCB82BA8AB550EE9E_45263DB15A96829619163945103093D0	Script	573b7175119cf1d372dca0781d619499	Resource	request	1763005818.999229	False	GET	same-origin
8_7FF97959DC09BE6BCB82BA8AB550EE9E_45263DB15A96829619163945103093D0	Script	963ecae6098426f46a8debdfdd333c18	Resource	request	1763005818.999316	False	GET	same-origin
8_7FF97959DC09BE6BCB82BA8AB550EE9E_45263DB15A96829619163945103093D0	Script	28653ffcc325bb9dee89e383a6727a2e	Resource	request	1763005818.999493	False	GET	same-origin
8_7FF97959DC09BE6BCB82BA8AB550EE9E_45263DB15A96829619163945103093D0	Script	cec369162635b4d880901929f1db667b	Resource	request	1763005820.210007	False	GET	same-origin
8_7FF97959DC09BE6BCB82BA8AB550EE9E_45263DB15A96829619163945103093D0	Script	cdf4e4274bd3a56dfc21970f4b444ab6	Resource	request	1763005822.209526	False	GET	same-origin
8_7FF97959DC09BE6BCB82BA8AB550EE9E_45263DB15A96829619163945103093D0	Script	28503f6acd72c65f2ed0476b4ac9332b	Resource	request	1763005824.2096	False	GET	same-origin
8_7FF97959DC09BE6BCB82BA8AB550EE9E_45263DB15A96829619163945103093D0	Script	2c92db06dfed7e0d25889ad2eed11946	Resource	request	1763005826.209636	False	GET	same-origin
8_7FF97959DC09BE6BCB82BA8AB550EE9E_45263DB15A96829619163945103093D0	Script	f4b7a9a693c4300ed8cd8a55429815fb	Resource	request	1763005828.210029	False	GET	same-origin
8_164AF194D522EF7ADCFF8AB2A9EEDC02_E4438DC616D9E1453047B5A357168DFD	Script	c8c400262e40f2a639b9b9762f28b855	Resource	request	1763005829.445341	False	GET	same-origin
8_164AF194D522EF7ADCFF8AB2A9EEDC02_E4438DC616D9E1453047B5A357168DFD	Script	fa0004c513bb674ad51976250385d2aa	Resource	request	1763005829.447327	False	GET	same-origin
8_7FF97959DC09BE6BCB82BA8AB550EE9E_45263DB15A96829619163945103093D0	Script	387150d3aa5f114a997eeaf634e48f22	Resource	request	1763005829.971123	False	GET	same-origin
8_7FF97959DC09BE6BCB82BA8AB550EE9E_45263DB15A96829619163945103093D0	Script	f42b59d958c1e9c0bc254c75eac97e9a	Resource	request	1763005830.443884	False	GET	same-origin
8_7FF97959DC09BE6BCB82BA8AB550EE9E_45263DB15A96829619163945103093D0	Script	11f8803c41f137f8017307cf3dcab00d	Resource	request	1763005830.444009	False	GET	same-origin
8_7FF97959DC09BE6BCB82BA8AB550EE9E_45263DB15A96829619163945103093D0	Script	ee268e1a34a5155c82ee3643d4e666dc	Resource	request	1763005831.444505	False	GET	same-origin
8_7FF97959DC09BE6BCB82BA8AB550EE9E_45263DB15A96829619163945103093D0	Script	4fe9cee18236bd421a79dfc9d0024445	Resource	request	1763005832.445024	False	GET	same-origin
8_7FF97959DC09BE6BCB82BA8AB550EE9E_45263DB15A96829619163945103093D0	Script	7e5cba77baa8e4a15f19b93d0b540ac5	Resource	request	1763005833.445618	False	GET	same-origin
8_7FF97959DC09BE6BCB82BA8AB550EE9E_45263DB15A96829619163945103093D0	Script	52995747c923dc193d0f54a111446584	Resource	request	1763005833.445805	False	GET	same-origin
6_164AF194D522EF7ADCFF8AB2A9EEDC02_E4438DC616D9E1453047B5A357168DFD	Script	e2fc11a1d05f0298a813886f415a8c7e	Resource	request	1763005829.891997	False	GET	strict-origin-when-cross-origin
6_164AF194D522EF7ADCFF8AB2A9EEDC02_E4438DC616D9E1453047B5A357168DFD	Script	850dc9b7dfcea422322a3ce1136ea906	Resource	request	1763005829.892047	False	GET	strict-origin-when-cross-origin
6_164AF194D522EF7ADCFF8AB2A9EEDC02_E4438DC616D9E1453047B5A357168DFD	Script	851b60886ea11b972a3967d8bac525dd	Resource	request	1763005829.892264	False	GET	strict-origin-when-cross-origin
6_164AF194D522EF7ADCFF8AB2A9EEDC02_E4438DC616D9E1453047B5A357168DFD	Script	a1aa1e002aafae2669143ba2911cf85c	Resource	request	1763005829.892511	False	GET	strict-origin-when-cross-origin
6_164AF194D522EF7ADCFF8AB2A9EEDC02_E4438DC616D9E1453047B5A357168DFD	Script	fe3c4cc55589bbd3225a089dc7a12c83	Resource	request	1763005829.893386	False	GET	strict-origin-when-cross-origin
6_164AF194D522EF7ADCFF8AB2A9EEDC02_E4438DC616D9E1453047B5A357168DFD	Script	bd3ff920951aa7691189f127ff779502	Resource	request	1763005829.894063	False	GET	strict-origin-when-cross-origin
6_164AF194D522EF7ADCFF8AB2A9EEDC02_E4438DC616D9E1453047B5A357168DFD	Script	2163dbc8d0890550e233a9d2a4c29faf	Resource	request	1763005829.894253	False	GET	strict-origin-when-cross-origin
16_164AF194D522EF7ADCFF8AB2A9EEDC02_E4438DC616D9E1453047B5A357168DFD	Script	3f591e767994bee5a3d4f450b3bfc80a	Resource	request	1763005830.029448	False	GET	strict-origin-when-cross-origin
16_164AF194D522EF7ADCFF8AB2A9EEDC02_E4438DC616D9E1453047B5A357168DFD	Script	0f3be56a3ad02bd59ff19f273a615065	Resource	request	1763005830.029713	False	GET	strict-origin-when-cross-origin
16_164AF194D522EF7ADCFF8AB2A9EEDC02_E4438DC616D9E1453047B5A357168DFD	Script	cbbbc92825e740866b952efbe3ecb783	Resource	request	1763005830.029767	False	GET	strict-origin-when-cross-origin
16_164AF194D522EF7ADCFF8AB2A9EEDC02_E4438DC616D9E1453047B5A357168DFD	Script	8dcf6ea83805869ebdac38324f137c77	Resource	request	1763005830.029817	False	GET	strict-origin-when-cross-origin
16_164AF194D522EF7ADCFF8AB2A9EEDC02_E4438DC616D9E1453047B5A357168DFD	Script	3f591e767994bee5a3d4f450b3bfc80a	Resource	request	1763005830.03184	False	GET	strict-origin-when-cross-origin
