srcNodeId	dstNodeId	wallTime	hasUserGesture	method	referrerPolicy	type
15AE3C99C01EDF1185E78251F6E436AA_0AB52CC6FDFBC657246F46DBB44FB409	8_15AE3C99C01EDF1185E78251F6E436AA_0AB52CC6FDFBC657246F46DBB44FB409					
15AE3C99C01EDF1185E78251F6E436AA_0AB52CC6FDFBC657246F46DBB44FB409	5_15AE3C99C01EDF1185E78251F6E436AA_0AB52CC6FDFBC657246F46DBB44FB409					
15AE3C99C01EDF1185E78251F6E436AA_0AB52CC6FDFBC657246F46DBB44FB409	6_15AE3C99C01EDF1185E78251F6E436AA_0AB52CC6FDFBC657246F46DBB44FB409					
15AE3C99C01EDF1185E78251F6E436AA_0AB52CC6FDFBC657246F46DBB44FB409	7_15AE3C99C01EDF1185E78251F6E436AA_0AB52CC6FDFBC657246F46DBB44FB409					
15AE3C99C01EDF1185E78251F6E436AA_0AB52CC6FDFBC657246F46DBB44FB409	9_15AE3C99C01EDF1185E78251F6E436AA_0AB52CC6FDFBC657246F46DBB44FB409					
15AE3C99C01EDF1185E78251F6E436AA_0AB52CC6FDFBC657246F46DBB44FB409	10_15AE3C99C01EDF1185E78251F6E436AA_0AB52CC6FDFBC657246F46DBB44FB409					
15AE3C99C01EDF1185E78251F6E436AA_0AB52CC6FDFBC657246F46DBB44FB409	11_15AE3C99C01EDF1185E78251F6E436AA_0AB52CC6FDFBC657246F46DBB44FB409					
15AE3C99C01EDF1185E78251F6E436AA_0AB52CC6FDFBC657246F46DBB44FB409	12_15AE3C99C01EDF1185E78251F6E436AA_0AB52CC6FDFBC657246F46DBB44FB409					
15AE3C99C01EDF1185E78251F6E436AA_0AB52CC6FDFBC657246F46DBB44FB409	13_15AE3C99C01EDF1185E78251F6E436AA_0AB52CC6FDFBC657246F46DBB44FB409					
15AE3C99C01EDF1185E78251F6E436AA_0AB52CC6FDFBC657246F46DBB44FB409	14_15AE3C99C01EDF1185E78251F6E436AA_0AB52CC6FDFBC657246F46DBB44FB409					
15AE3C99C01EDF1185E78251F6E436AA_0AB52CC6FDFBC657246F46DBB44FB409	15_15AE3C99C01EDF1185E78251F6E436AA_0AB52CC6FDFBC657246F46DBB44FB409					
15AE3C99C01EDF1185E78251F6E436AA_0AB52CC6FDFBC657246F46DBB44FB409	16_15AE3C99C01EDF1185E78251F6E436AA_0AB52CC6FDFBC657246F46DBB44FB409					
15AE3C99C01EDF1185E78251F6E436AA_0AB52CC6FDFBC657246F46DBB44FB409	17_15AE3C99C01EDF1185E78251F6E436AA_0AB52CC6FDFBC657246F46DBB44FB409					
15AE3C99C01EDF1185E78251F6E436AA_0AB52CC6FDFBC657246F46DBB44FB409	18_15AE3C99C01EDF1185E78251F6E436AA_0AB52CC6FDFBC657246F46DBB44FB409					
15AE3C99C01EDF1185E78251F6E436AA_0AB52CC6FDFBC657246F46DBB44FB409	19_15AE3C99C01EDF1185E78251F6E436AA_0AB52CC6FDFBC657246F46DBB44FB409					
15AE3C99C01EDF1185E78251F6E436AA_0AB52CC6FDFBC657246F46DBB44FB409	20_15AE3C99C01EDF1185E78251F6E436AA_0AB52CC6FDFBC657246F46DBB44FB409					
15AE3C99C01EDF1185E78251F6E436AA_0AB52CC6FDFBC657246F46DBB44FB409	21_15AE3C99C01EDF1185E78251F6E436AA_0AB52CC6FDFBC657246F46DBB44FB409					
15AE3C99C01EDF1185E78251F6E436AA_0AB52CC6FDFBC657246F46DBB44FB409	22_15AE3C99C01EDF1185E78251F6E436AA_0AB52CC6FDFBC657246F46DBB44FB409					
15AE3C99C01EDF1185E78251F6E436AA_0AB52CC6FDFBC657246F46DBB44FB409	23_15AE3C99C01EDF1185E78251F6E436AA_0AB52CC6FDFBC657246F46DBB44FB409					
15AE3C99C01EDF1185E78251F6E436AA_0AB52CC6FDFBC657246F46DBB44FB409	24_15AE3C99C01EDF1185E78251F6E436AA_0AB52CC6FDFBC657246F46DBB44FB409					
15AE3C99C01EDF1185E78251F6E436AA_0AB52CC6FDFBC657246F46DBB44FB409	25_15AE3C99C01EDF1185E78251F6E436AA_0AB52CC6FDFBC657246F46DBB44FB409					
15AE3C99C01EDF1185E78251F6E436AA_0AB52CC6FDFBC657246F46DBB44FB409	26_15AE3C99C01EDF1185E78251F6E436AA_0AB52CC6FDFBC657246F46DBB44FB409					
15AE3C99C01EDF1185E78251F6E436AA_0AB52CC6FDFBC657246F46DBB44FB409	27_15AE3C99C01EDF1185E78251F6E436AA_0AB52CC6FDFBC657246F46DBB44FB409					
15AE3C99C01EDF1185E78251F6E436AA_0AB52CC6FDFBC657246F46DBB44FB409	28_15AE3C99C01EDF1185E78251F6E436AA_0AB52CC6FDFBC657246F46DBB44FB409					
15AE3C99C01EDF1185E78251F6E436AA_0AB52CC6FDFBC657246F46DBB44FB409	29_15AE3C99C01EDF1185E78251F6E436AA_0AB52CC6FDFBC657246F46DBB44FB409					
15AE3C99C01EDF1185E78251F6E436AA_0AB52CC6FDFBC657246F46DBB44FB409	30_15AE3C99C01EDF1185E78251F6E436AA_0AB52CC6FDFBC657246F46DBB44FB409					
15AE3C99C01EDF1185E78251F6E436AA_0AB52CC6FDFBC657246F46DBB44FB409	31_15AE3C99C01EDF1185E78251F6E436AA_0AB52CC6FDFBC657246F46DBB44FB409					
15AE3C99C01EDF1185E78251F6E436AA_0AB52CC6FDFBC657246F46DBB44FB409	32_15AE3C99C01EDF1185E78251F6E436AA_0AB52CC6FDFBC657246F46DBB44FB409					
15AE3C99C01EDF1185E78251F6E436AA_0AB52CC6FDFBC657246F46DBB44FB409	33_15AE3C99C01EDF1185E78251F6E436AA_0AB52CC6FDFBC657246F46DBB44FB409					
15AE3C99C01EDF1185E78251F6E436AA_0AB52CC6FDFBC657246F46DBB44FB409	34_15AE3C99C01EDF1185E78251F6E436AA_0AB52CC6FDFBC657246F46DBB44FB409					
15AE3C99C01EDF1185E78251F6E436AA_0AB52CC6FDFBC657246F46DBB44FB409	35_15AE3C99C01EDF1185E78251F6E436AA_0AB52CC6FDFBC657246F46DBB44FB409					
15AE3C99C01EDF1185E78251F6E436AA_0AB52CC6FDFBC657246F46DBB44FB409	36_15AE3C99C01EDF1185E78251F6E436AA_0AB52CC6FDFBC657246F46DBB44FB409					
15AE3C99C01EDF1185E78251F6E436AA_0AB52CC6FDFBC657246F46DBB44FB409	37_15AE3C99C01EDF1185E78251F6E436AA_0AB52CC6FDFBC657246F46DBB44FB409					
15AE3C99C01EDF1185E78251F6E436AA_0AB52CC6FDFBC657246F46DBB44FB409	38_15AE3C99C01EDF1185E78251F6E436AA_0AB52CC6FDFBC657246F46DBB44FB409					
15AE3C99C01EDF1185E78251F6E436AA_0AB52CC6FDFBC657246F46DBB44FB409	39_15AE3C99C01EDF1185E78251F6E436AA_0AB52CC6FDFBC657246F46DBB44FB409					
15AE3C99C01EDF1185E78251F6E436AA_8A0F806D1555946B9B6B8A1EA5ABAC8C	5_15AE3C99C01EDF1185E78251F6E436AA_8A0F806D1555946B9B6B8A1EA5ABAC8C					
15AE3C99C01EDF1185E78251F6E436AA_8A0F806D1555946B9B6B8A1EA5ABAC8C	6_15AE3C99C01EDF1185E78251F6E436AA_8A0F806D1555946B9B6B8A1EA5ABAC8C					
15AE3C99C01EDF1185E78251F6E436AA_8A0F806D1555946B9B6B8A1EA5ABAC8C	7_15AE3C99C01EDF1185E78251F6E436AA_8A0F806D1555946B9B6B8A1EA5ABAC8C					
15AE3C99C01EDF1185E78251F6E436AA_8A0F806D1555946B9B6B8A1EA5ABAC8C	8_15AE3C99C01EDF1185E78251F6E436AA_8A0F806D1555946B9B6B8A1EA5ABAC8C					
15AE3C99C01EDF1185E78251F6E436AA_8A0F806D1555946B9B6B8A1EA5ABAC8C	9_15AE3C99C01EDF1185E78251F6E436AA_8A0F806D1555946B9B6B8A1EA5ABAC8C					
15AE3C99C01EDF1185E78251F6E436AA_8A0F806D1555946B9B6B8A1EA5ABAC8C	380_15AE3C99C01EDF1185E78251F6E436AA_8A0F806D1555946B9B6B8A1EA5ABAC8C					
