srcNodeId	dstNodeId	status	mimeType	remoteIpAddress	fromServiceWorker
299b38ad353fcefccdde577d34ec8dae	15AE3C99C01EDF1185E78251F6E436AA_0AB52CC6FDFBC657246F46DBB44FB409	200	text/html	Unknown	False
4fb9f721cd9602953eb246ef435e6de1	15AE3C99C01EDF1185E78251F6E436AA_0AB52CC6FDFBC657246F46DBB44FB409	200	text/css	Unknown	False
a6cf6873c990425f05289d80f68352be	15AE3C99C01EDF1185E78251F6E436AA_0AB52CC6FDFBC657246F46DBB44FB409	200	text/css	Unknown	False
363453f63a754770b9f744a7676779e6	15AE3C99C01EDF1185E78251F6E436AA_0AB52CC6FDFBC657246F46DBB44FB409	200	text/css	Unknown	False
257147123ef4d66c54928bdbdb5927af	15AE3C99C01EDF1185E78251F6E436AA_0AB52CC6FDFBC657246F46DBB44FB409	200	text/css	Unknown	False
cbd127b6a4c8bf1713e1dd9b92382b55	15AE3C99C01EDF1185E78251F6E436AA_0AB52CC6FDFBC657246F46DBB44FB409	200	image/png	Unknown	False
16f0192de64e17e310656b1bcf474c13	15AE3C99C01EDF1185E78251F6E436AA_0AB52CC6FDFBC657246F46DBB44FB409	200	font/woff2	Unknown	False
2c24f969f413ccd42d49d16783560b0f	15AE3C99C01EDF1185E78251F6E436AA_0AB52CC6FDFBC657246F46DBB44FB409	200	font/woff2	Unknown	False
9634af93571c44a1defc9cfa4ddd25e3	15AE3C99C01EDF1185E78251F6E436AA_0AB52CC6FDFBC657246F46DBB44FB409	200	font/woff2	Unknown	False
a5f7fd3c25a293bbc9625b6b3146a3f7	15AE3C99C01EDF1185E78251F6E436AA_0AB52CC6FDFBC657246F46DBB44FB409	200	text/javascript	Unknown	False
c5f1cbdc3f668be78ee5490a8de2447f	15AE3C99C01EDF1185E78251F6E436AA_0AB52CC6FDFBC657246F46DBB44FB409	200	text/javascript	Unknown	False
9dcca7f2cb7aeaec1c651d6598dbac3e	15AE3C99C01EDF1185E78251F6E436AA_0AB52CC6FDFBC657246F46DBB44FB409	200	text/javascript	Unknown	False
78df38c4464b5eab5799b3451420400d	15AE3C99C01EDF1185E78251F6E436AA_0AB52CC6FDFBC657246F46DBB44FB409	200	text/javascript	Unknown	False
29818992553aeb44f9ab96163a25c9e8	15AE3C99C01EDF1185E78251F6E436AA_0AB52CC6FDFBC657246F46DBB44FB409	404	text/html	Unknown	False
ced2c28f525e8ab48f7045596837c166	15AE3C99C01EDF1185E78251F6E436AA_8A0F806D1555946B9B6B8A1EA5ABAC8C	200	text/css	Unknown	False
fd35ab726f14cadee3c4eb5f00afb3ef	15AE3C99C01EDF1185E78251F6E436AA_8A0F806D1555946B9B6B8A1EA5ABAC8C	200	image/svg+xml	Unknown	False
c685f97868436eaadf233c11058ed48b	15AE3C99C01EDF1185E78251F6E436AA_8A0F806D1555946B9B6B8A1EA5ABAC8C	200	image/png	Unknown	False
baab60a824894175ea916f7fdabb10fd	15AE3C99C01EDF1185E78251F6E436AA_8A0F806D1555946B9B6B8A1EA5ABAC8C	200	image/png	Unknown	False
0fc9a68378570762bcfcdb638c686d46	15AE3C99C01EDF1185E78251F6E436AA_8A0F806D1555946B9B6B8A1EA5ABAC8C	200	image/png	Unknown	False
58483debf6aeb7f1f9a524c16455df16	15AE3C99C01EDF1185E78251F6E436AA_8A0F806D1555946B9B6B8A1EA5ABAC8C	200	image/png	Unknown	False
b097e24bac59fe2871cbc162aefaa74e	15AE3C99C01EDF1185E78251F6E436AA_8A0F806D1555946B9B6B8A1EA5ABAC8C	200	text/javascript	Unknown	False
619948d78874a14e9eee6d80dc830f2e	15AE3C99C01EDF1185E78251F6E436AA_8A0F806D1555946B9B6B8A1EA5ABAC8C	200	image/png	Unknown	False
